{"cameraMode":{"drawMode":0,"name":"Shaded","section":"Shading Mode"},"sceneLighting":false,"audioPlay":false,"sceneViewState":{"m_AlwaysRefresh":false,"showFog":true,"showSkybox":false,"showFlares":true,"showImageEffects":true,"showParticleSystems":true,"showVisualEffectGraphs":true,"m_FxEnabled":true},"in2DMode":false,"pivot":{"x":0.015508577227592469,"y":0.03642336279153824,"z":0.059613749384880069},"rotation":{"x":-0.13411399722099305,"y":-0.4215919077396393,"z":0.06320446729660034,"w":-0.8945848941802979},"size":0.13741660118103028,"orthographic":false}