{"cameraMode":{"drawMode":0,"name":"Shaded","section":"Shading Mode"},"sceneLighting":false,"audioPlay":false,"sceneViewState":{"m_AlwaysRefresh":false,"showFog":true,"showSkybox":false,"showFlares":true,"showImageEffects":true,"showParticleSystems":true,"showVisualEffectGraphs":true,"m_FxEnabled":true},"in2DMode":false,"pivot":{"x":-1.0069999694824219,"y":0.8550000190734863,"z":0.44999998807907107},"rotation":{"x":-0.12589557468891145,"y":0.21456873416900636,"z":-0.027903573587536813,"w":-0.9681682586669922},"size":0.0942668691277504,"orthographic":false}