{"cameraMode":{"drawMode":0,"name":"Shaded","section":"Shading Mode"},"sceneLighting":false,"audioPlay":false,"sceneViewState":{"m_AlwaysRefresh":false,"showFog":true,"showSkybox":false,"showFlares":true,"showImageEffects":true,"showParticleSystems":true,"showVisualEffectGraphs":true,"m_FxEnabled":true},"in2DMode":false,"pivot":{"x":0.0016840926837176085,"y":0.0002507101744413376,"z":0.004238645080476999},"rotation":{"x":-0.21301989257335664,"y":0.035748858004808429,"z":-0.007801937870681286,"w":-0.9763685464859009},"size":0.30791783332824709,"orthographic":false}