{"cameraMode":{"drawMode":0,"name":"Shaded","section":"Shading Mode"},"sceneLighting":false,"audioPlay":false,"sceneViewState":{"m_AlwaysRefresh":false,"showFog":true,"showSkybox":false,"showFlares":true,"showImageEffects":true,"showParticleSystems":true,"showVisualEffectGraphs":true,"m_FxEnabled":true},"in2DMode":false,"pivot":{"x":-0.001024826429784298,"y":-0.0004944091197103262,"z":0.005287304054945707},"rotation":{"x":-0.12379074841737747,"y":0.2363411784172058,"z":-0.030374271795153619,"w":-0.9632802605628967},"size":0.005338539369404316,"orthographic":false}